{"epoch": 7, "train/loss": 0.6935487389564514, "train/accuracy": 49.669805021367516, "test/loss": 0.6936172842979431, "test/accuracy": 49.90047770700637, "_timestamp": 1710296698.317762, "_runtime": 415.60158491134644, "_step": 7, "_wandb": {"runtime": 423}}