{"accuracy": 0.5693278908729553, "loss": "ModelCNN", "_timestamp": 1710254424.5924177, "_runtime": 874.061853647232, "_step": 0, "_wandb": {"runtime": 873}}