{"accuracy": 0.6210538148880005, "loss": 78.01, "_timestamp": 1710253096.2930377, "_runtime": 815.6214065551758, "_step": 0, "_wandb": {"runtime": 814}}