{"epoch": 1, "train/loss": 0.8132528066635132, "train/accuracy": 50.0010016025641, "test/loss": 0.8122673630714417, "test/accuracy": 50.09952229299363, "_timestamp": 1710335286.1548538, "_runtime": 97.15097093582153, "_step": 1, "_wandb": {"runtime": 111}}